StartDate,EndDate,Status,IPAddress,Progress,Duration (in seconds),Finished,RecordedDate,ResponseId,RecipientLastName,RecipientFirstName,RecipientEmail,ExternalReference,LocationLatitude,LocationLongitude,DistributionChannel,UserLanguage,treatment 1,treatment 2,control,Q1,Q2,Q3,Q4,Q5,Q6,Gender,Age
Start Date,End Date,Response Type,IP Address,Progress,Duration (in seconds),Finished,Recorded Date,Response ID,Recipient Last Name,Recipient First Name,Recipient Email,External Data Reference,Location Latitude,Location Longitude,Distribution Channel,User Language,How old is the person in the story? (feel free to go back if you don't remember),How old is the person in the story? (feel free to go back if you don't remember),What is the name of the person in the story? (feel free to go back if you don't remember),Estimate how many basketballs are in the rim.,Estimate how many M&Mâ€™s are in the jug (there is one M&M outside the jug for reference).,Estimate how many coins are in the glass (there is one coin outside the glass for reference).,Estimate how many chips are in the glass (there is one chip outside the glass for reference).,Estimate how many puzzle pieces are INSIDE the box.,Estimate how many pistachios are in this jar.,What gender do you identify with?,Enter your age
"{""ImportId"":""startDate"",""timeZone"":""America/Denver""}","{""ImportId"":""endDate"",""timeZone"":""America/Denver""}","{""ImportId"":""status""}","{""ImportId"":""ipAddress""}","{""ImportId"":""progress""}","{""ImportId"":""duration""}","{""ImportId"":""finished""}","{""ImportId"":""recordedDate"",""timeZone"":""America/Denver""}","{""ImportId"":""_recordId""}","{""ImportId"":""recipientLastName""}","{""ImportId"":""recipientFirstName""}","{""ImportId"":""recipientEmail""}","{""ImportId"":""externalDataReference""}","{""ImportId"":""locationLatitude""}","{""ImportId"":""locationLongitude""}","{""ImportId"":""distributionChannel""}","{""ImportId"":""userLanguage""}","{""ImportId"":""QID24_TEXT""}","{""ImportId"":""QID13_TEXT""}","{""ImportId"":""QID14""}","{""ImportId"":""QID1_TEXT""}","{""ImportId"":""QID1717520128_TEXT""}","{""ImportId"":""QID1717520130_TEXT""}","{""ImportId"":""QID1717520132_TEXT""}","{""ImportId"":""QID1717520516_TEXT""}","{""ImportId"":""QID1717520536_TEXT""}","{""ImportId"":""QID21""}","{""ImportId"":""QID22_TEXT""}"
2024-02-25 16:51:25,2024-02-25 16:51:49,IP Address,128.197.29.250,25,23,False,2024-02-27 13:17:06,R_1p77grDRCEMPuUh,,,,,,,anonymous,EN,,24,,,,,,,,,
2024-02-25 16:51:37,2024-02-25 16:51:51,IP Address,104.28.39.33,40,14,False,2024-02-27 13:17:06,R_10TP6Y7vnC7qWyZ,,,,,,,anonymous,EN,,,Lars Halden,14,,,,,,,
2024-02-25 16:51:05,2024-02-25 16:51:08,IP Address,73.114.90.18,15,2,False,2024-02-27 13:17:06,R_5duQQMZiY4URHTj,,,,,,,anonymous,EN,,,,,,,,,,,
2024-02-25 16:51:50,2024-02-25 16:52:14,IP Address,73.114.90.18,30,23,False,2024-02-27 13:17:06,R_539imJmHt0BG62t,,,,,,,anonymous,EN,,10,,,,,,,,,
2024-02-25 16:54:06,2024-02-25 16:54:16,IP Address,104.28.39.129,30,9,False,2024-02-27 13:17:06,R_1VfhtThagGFH9L3,,,,,,,anonymous,EN,,,Lars Halden,,,,,,,,
2024-02-25 16:53:44,2024-02-25 16:54:54,IP Address,128.197.29.250,0,70,False,2024-02-27 13:17:06,R_1iZ0CDpjzzWb11n,,,,,,,anonymous,EN,,,,,,,,,,,
2024-02-25 16:53:55,2024-02-25 16:56:51,IP Address,73.114.90.18,15,175,False,2024-02-27 13:17:06,R_6dpGk8wGQ0MiA25,,,,,,,anonymous,EN,,,,,,,,,,,
2024-02-25 16:56:00,2024-02-25 16:56:29,IP Address,128.197.29.250,50,29,False,2024-02-27 13:17:06,R_6RQR4YEROslDfRq,,,,,,,anonymous,EN,,9,,1,2,,,,,,
2024-02-25 17:06:17,2024-02-25 17:06:19,IP Address,73.114.90.18,15,1,False,2024-02-27 13:17:06,R_61XBQoYLJ3GbTDg,,,,,,,anonymous,EN,,,,,,,,,,,
2024-02-25 16:52:29,2024-02-25 17:19:57,IP Address,131.239.117.54,15,1648,False,2024-02-27 13:17:07,R_5LefbbmnRsULoca,,,,,,,anonymous,EN,,,,,,,,,,,
2024-02-25 17:07:00,2024-02-25 17:13:52,IP Address,24.60.30.53,30,412,False,2024-02-27 13:17:07,R_61ydwID0U4iJQC4,,,,,,,anonymous,EN,,102,,,,,,,,,
2024-02-25 17:19:39,2024-02-25 17:28:02,IP Address,128.197.29.250,33,503,False,2024-02-27 13:17:07,R_5Wu9ADc03XUPqzT,,,,,,,anonymous,EN,9,,,,,,,,,,
2024-02-26 14:32:05,2024-02-26 15:20:46,IP Address,73.114.90.18,90,2920,False,2024-02-27 13:17:07,R_5sc9kcJkuhOP2vE,,,,,,,anonymous,EN,,,Lars Halden,13,100,187,97,233,134,,
2024-02-27 13:25:22,2024-02-27 13:32:19,IP Address,77.164.41.88,100,417,True,2024-02-27 13:32:19,R_669pebApwsVRIWw,,,,,52.3125,4.6445,anonymous,EN,9,,,11,160,180,60,280,180,Female,22
2024-02-27 14:03:38,2024-02-27 14:04:23,IP Address,172.225.170.111,100,45,True,2024-02-27 14:04:24,R_6Egx8vlcIu4KerQ,,,,,42.3562,-71.0631,anonymous,EN,,102,,20,100,70,40,200,150,Male,30
2024-02-27 14:04:05,2024-02-27 14:07:45,IP Address,190.111.246.27,100,219,True,2024-02-27 14:07:45,R_3H9Jza6dQVzWJFv,,,,,-36,-59.9964,anonymous,EN,,102,,10,300,140,50,550,350,Female,26
2024-02-27 14:08:34,2024-02-27 14:10:36,IP Address,67.205.195.178,100,121,True,2024-02-27 14:10:36,R_6P2QYGZ9aC48T5L,,,,,25.9442,-80.1406,anonymous,EN,,,Ingrid Johansen,10,500,180,90,350,1200,Male,53
2024-02-27 14:09:53,2024-02-27 14:11:26,IP Address,172.58.134.27,100,93,True,2024-02-27 14:11:27,R_5wdOX2AwynukoGl,,,,,25.9289,-80.1827,anonymous,EN,,,Lars Halden,10,100,120,40,800,90,Female,23
2024-02-27 14:09:37,2024-02-27 14:12:21,IP Address,80.193.86.164,100,163,True,2024-02-27 14:12:22,R_6kZCpMpr0RcMgLP,,,,,51.5597,-0.0528,anonymous,EN,,,Lars Halden,11,60,120,75,300,200,Male,30
2024-02-27 14:09:33,2024-02-27 14:12:52,IP Address,189.204.251.139,100,198,True,2024-02-27 14:12:53,R_70YUxRlQC1puzkd,,,,,19.4439,-99.1129,anonymous,EN,,102,,12,144,93,74,532,156,Female,30
2024-02-27 14:06:32,2024-02-27 14:13:01,IP Address,200.173.53.123,100,389,True,2024-02-27 14:13:02,R_31RdkhqMf4KL6J5,,,,,-23.5335,-46.6359,anonymous,EN,9,,,11,280,200,90,500,250,Male,26
2024-02-27 14:08:29,2024-02-27 14:13:27,IP Address,198.232.116.54,100,297,True,2024-02-27 14:13:27,R_54GmS6OtsAFCtBY,,,,,38.8579,-77.0602,anonymous,EN,,102,,10,223,153,100,500,240,Female,23
2024-02-27 14:13:38,2024-02-27 14:16:53,IP Address,179.209.142.188,100,195,True,2024-02-27 14:16:53,R_3TH3HKPwc12GcgJ,,,,,-23.5335,-46.6359,anonymous,EN,,27,,10,85,300,150,500,160,Male,27
2024-02-27 14:12:11,2024-02-27 14:17:33,IP Address,148.252.156.248,100,321,True,2024-02-27 14:17:33,R_2jSsuXuy57mE7GB,,,,,51.4964,-0.1224,anonymous,EN,27,,,12,200,345,50,200,120,Female,27
2024-02-27 14:17:43,2024-02-27 14:19:42,IP Address,134.56.147.18,100,119,True,2024-02-27 14:19:43,R_5TvmC9WAhpjMgrG,,,,,25.9442,-80.1406,anonymous,EN,,,Lars Halden,12,400,2000,3000,1000,1500,Female,51
2024-02-27 14:06:43,2024-02-27 14:26:27,IP Address,104.28.59.12,100,1183,True,2024-02-27 14:26:27,R_7fkM7MPy40DPK3e,,,,,-34.6142,-58.3811,anonymous,EN,,102,,11,800,123,84,450,350,Male,
2024-02-27 14:20:51,2024-02-27 14:26:34,IP Address,77.174.61.154,100,343,True,2024-02-27 14:26:35,R_5DZkQ56sWkaoWjv,,,,,51.9681,5.6632,anonymous,EN,,,Lars Halden,13,475,220,52,180,125,Male,31
2024-02-27 14:24:15,2024-02-27 14:27:53,IP Address,190.194.186.136,100,217,True,2024-02-27 14:27:53,R_6yf5qTA30wYSBs1,,,,,-36,-59.9964,anonymous,EN,,102,,11,180,102,102,200,102,Female,28
2024-02-27 14:28:26,2024-02-27 14:30:41,IP Address,66.71.84.178,100,135,True,2024-02-27 14:30:42,R_1nN7klkbrJfDj7H,,,,,40.5222,-78.4034,anonymous,EN,,102,,5,120,50,30,600,170,Female,18
2024-02-27 14:07:05,2024-02-27 14:35:15,IP Address,190.230.176.67,100,1690,True,2024-02-27 14:35:15,R_733eGHDa7NTnK1r,,,,,-36,-59.9964,anonymous,EN,,102,,13,500,60,70,120,80,Male,29
2024-02-27 14:32:50,2024-02-27 14:38:26,IP Address,181.169.128.59,100,336,True,2024-02-27 14:38:27,R_1McAfMNojr2Lv4u,,,,,-34.521,-58.4664,anonymous,EN,,102,,12,200,60,45,300,100,Male,29
2024-02-27 14:36:30,2024-02-27 14:39:04,IP Address,89.99.82.121,100,154,True,2024-02-27 14:39:05,R_5OrabEVFWHSL5da,,,,,51.9281,4.5052,anonymous,EN,,,Lars Halden,9,70,65,60,100,75,Female,23
2024-02-27 14:30:13,2024-02-27 14:39:12,IP Address,174.166.106.235,100,539,True,2024-02-27 14:39:13,R_6e4EoKeA1h1YO1Y,,,,,40.5163,-74.2696,anonymous,EN,,102,,8,100,200,50,500,300,Female,45
2024-02-27 14:38:53,2024-02-27 14:40:44,IP Address,190.188.64.198,100,111,True,2024-02-27 14:40:44,R_7vd0oWz4S743cZ6,,,,,-36,-59.9964,anonymous,EN,9,,,11,87,63,48,200,95,Male,30
2024-02-27 14:40:34,2024-02-27 14:42:02,IP Address,128.197.29.252,100,87,True,2024-02-27 14:42:02,R_7cQu7byGAhnlRND,,,,,42.3464,-71.0975,anonymous,EN,,,Lars Halden,8,120,78,50,250,150,Male,23
2024-02-27 14:41:05,2024-02-27 14:43:32,IP Address,204.8.153.53,100,147,True,2024-02-27 14:43:32,R_3UbUONg4ykwJXXn,,,,,42.3464,-71.0975,anonymous,EN,9,,,10,50,100,80,100,100,Female,27
2024-02-27 14:39:48,2024-02-27 14:45:29,IP Address,200.80.130.60,100,341,True,2024-02-27 14:45:30,R_5b3LukykYoIsdoG,,,,,-36,-59.9964,anonymous,EN,,,Lars Halden,3,100,120,90,200,130,Male,28
2024-02-27 14:45:32,2024-02-27 14:47:45,IP Address,204.8.153.53,100,132,True,2024-02-27 14:47:45,R_64knK4kKhczdccj,,,,,42.3464,-71.0975,anonymous,EN,,,Lars Halden,4,100,200,150,350,200,Female,24
2024-02-27 14:27:01,2024-02-27 14:48:32,IP Address,173.2.45.117,100,1291,True,2024-02-27 14:48:33,R_511xcYDWklzFvhA,,,,,41.0641,-73.548,anonymous,EN,9,,,10,100,150,50,250,400,Female,24
2024-02-27 14:45:37,2024-02-27 14:48:59,IP Address,223.185.110.228,100,202,True,2024-02-27 14:49:00,R_4e8uQ1by0mrGq26,,,,,17.3724,78.4378,anonymous,EN,,102,,3,130,0,0,0,0,Male,
2024-02-27 14:48:47,2024-02-27 14:56:33,IP Address,79.153.46.100,100,465,True,2024-02-27 14:56:33,R_3sprfsWjxFOSFKK,,,,,41.3871,2.1698,anonymous,EN,102,,,11,120,88,90,348,70,Female,27
2024-02-27 14:58:26,2024-02-27 15:00:00,IP Address,139.94.243.147,100,94,True,2024-02-27 15:00:00,R_60NThPmFjzFhqfs,,,,,27.4249,-97.8411,anonymous,EN,,,Lars Halden,9,100,139,50,200,120,Male,23
2024-02-27 15:04:16,2024-02-27 15:05:36,IP Address,174.242.64.131,100,79,True,2024-02-27 15:05:37,R_52D4wP2o4NssTtW,,,,,42.2904,-71.0712,anonymous,EN,,,Lars Halden,11,115,200,75,275,80,Female,26
2024-02-27 14:58:20,2024-02-27 15:05:57,IP Address,24.60.159.183,100,456,True,2024-02-27 15:05:57,R_3mUAMve8cEXnvW2,,,,,42.2518,-71.0805,anonymous,EN,9,,,10,323,146,84,500,300,Male,25
2024-02-27 14:58:16,2024-02-27 15:07:57,IP Address,82.132.227.107,100,581,True,2024-02-27 15:07:58,R_21zxwKT5Tf0jHXu,,,,,51.5026,-0.066,anonymous,EN,9,,,12,105,45,30,2000,78,Female,39
2024-02-27 15:05:00,2024-02-27 15:08:07,IP Address,50.234.189.47,100,186,True,2024-02-27 15:08:07,R_1sGla9u0SLx6VFL,,,,,42.3737,-71.1284,anonymous,EN,,102,,12,160,50,60,300,60,Male,26
2024-02-27 15:08:31,2024-02-27 15:10:13,IP Address,128.197.29.230,100,102,True,2024-02-27 15:10:13,R_1O26Uui3o4CaOjf,,,,,42.3464,-71.0975,anonymous,EN,,102,,11,80,100,50,250,120,Male,
2024-02-27 15:20:52,2024-02-27 15:28:56,IP Address,128.197.29.244,100,483,True,2024-02-27 15:28:56,R_7AUMfVqqlMPGh0t,,,,,42.3464,-71.0975,anonymous,EN,9,,,11,168,100,100,500,100,Female,24
2024-02-27 15:29:05,2024-02-27 15:30:56,IP Address,172.56.197.69,100,110,True,2024-02-27 15:30:56,R_1zvHZwZKH4vwrl1,,,,,42.3531,-71.0958,anonymous,EN,,102,,10,100,50,50,150,75,Female,23
2024-02-27 15:30:43,2024-02-27 15:36:15,IP Address,170.250.4.107,100,332,True,2024-02-27 15:36:16,R_7FfVpFZzAdkQibf,,,,,25.9442,-80.1406,anonymous,EN,9,,,9,530,96,53,1200,108,Female,32
2024-02-27 15:35:21,2024-02-27 15:37:57,IP Address,86.162.156.17,100,156,True,2024-02-27 15:37:57,R_5LHJ3V3scw2HWiQ,,,,,52.2466,-0.8633,anonymous,EN,9,,,12,312,486,275,726,642,Female,23
2024-02-27 15:37:19,2024-02-27 15:38:54,IP Address,71.233.246.171,100,95,True,2024-02-27 15:38:55,R_1XbrXye2sOqqmbO,,,,,42.415,-71.0527,anonymous,EN,,102,,10,225,99,87,345,222,Female,49
2024-02-27 15:39:42,2024-02-27 15:44:29,IP Address,167.88.56.162,100,286,True,2024-02-27 15:44:30,R_5X0wfaS5YvR2Ydw,,,,,25.9442,-80.1406,anonymous,EN,,102,,10,110,90,35,210,97,Female,50
2024-02-27 16:03:31,2024-02-27 16:07:27,IP Address,128.197.29.225,100,236,True,2024-02-27 16:07:28,R_6CvaYPLxOW60qd5,,,,,42.3464,-71.0975,anonymous,EN,,,Lars Halden,11,280,100,60,500,140,Female,22
2024-02-27 16:04:31,2024-02-27 16:08:36,IP Address,187.75.34.110,100,245,True,2024-02-27 16:08:37,R_7hFKN1ESSobiI4V,,,,,-23.6283,-46.6409,anonymous,EN,,102,,11,270,175,190,420,278,Male,26
2024-02-27 14:58:42,2024-02-27 16:18:04,IP Address,2.100.58.211,100,4761,True,2024-02-27 16:18:04,R_6im1yqUQPFgvx2A,,,,,50.8222,-0.5748,anonymous,EN,,102,,12,79,60,50,200,100,Female,56
2024-02-27 16:48:20,2024-02-27 16:50:34,IP Address,50.234.189.47,100,133,True,2024-02-27 16:50:35,R_6LhrYYaztIKq99O,,,,,42.3737,-71.1284,anonymous,EN,,102,,13,140,160,160,1000,100,Female,26
2024-02-27 16:46:13,2024-02-27 16:51:05,IP Address,189.121.202.174,100,291,True,2024-02-27 16:51:05,R_3l6UImTAvk395a3,,,,,-23.5335,-46.6359,anonymous,EN,9,,,12,250,300,200,300,350,Male,27
2024-02-27 16:48:46,2024-02-27 16:51:54,IP Address,128.197.29.247,100,188,True,2024-02-27 16:51:55,R_5LYifhfryIKLohs,,,,,42.3464,-71.0975,anonymous,EN,,102,,11,211,201,60,100,222,Female,28
2024-02-27 16:52:14,2024-02-27 16:54:33,IP Address,152.170.106.208,100,139,True,2024-02-27 16:54:34,R_3IYaW7mL5kKVvzP,,,,,-36,-59.9964,anonymous,EN,,,Lars Halden,12,150,75,30,175,90,Female,
2024-02-27 14:48:48,2024-02-27 17:10:57,IP Address,172.59.64.21,100,8528,True,2024-02-27 17:10:58,R_3IfMQXc8e4UJcKl,,,,,30.1918,-81.6028,anonymous,EN,,,Lars Halden,11,200,75,50,300,350,Female,49
2024-02-27 17:09:25,2024-02-27 17:14:02,IP Address,117.243.147.194,100,277,True,2024-02-27 17:14:03,R_40uSczhxOkXn1Fn,,,,,12.8996,80.2209,anonymous,EN,9,,,11,300,150,120,200,240,Male,23
2024-02-27 17:14:21,2024-02-27 17:16:39,IP Address,80.44.41.57,100,138,True,2024-02-27 17:16:40,R_5huLROBPF6I1atf,,,,,54.857,-3.0244,anonymous,EN,24,,,9,70,40,25,89,45,Male,24
2024-02-27 17:38:31,2024-02-27 17:45:56,IP Address,117.99.201.69,100,444,True,2024-02-27 17:45:57,R_42rYhP7BPh6mn8b,,,,,17.3724,78.4378,anonymous,EN,,,Lars Halden,10,350,300,250,400,380,Female,43
2024-02-27 18:20:18,2024-02-27 18:31:28,IP Address,49.205.112.248,100,670,True,2024-02-27 18:31:28,R_4zAPTPmZL6wmrpD,,,,,17.3724,78.4378,anonymous,EN,,102,,9,18,5,18,1859,615,Male,55
2024-02-27 18:39:34,2024-02-27 18:41:53,IP Address,71.233.28.70,100,139,True,2024-02-27 18:41:54,R_1chCmPicCT1TBFF,,,,,41.9718,-71.1894,anonymous,EN,,102,,10,135,190,250,250,110,Male,8
2024-02-27 19:23:27,2024-02-27 19:25:16,IP Address,156.146.98.12,100,108,True,2024-02-27 19:25:16,R_1ElOui16lT6ii9C,,,,,42.3474,-71.1582,anonymous,EN,,102,,11,120,130,76,200,70,Female,24
2024-02-27 19:41:12,2024-02-27 19:44:08,IP Address,72.69.76.191,100,175,True,2024-02-27 19:44:08,R_7DtKUWKnGJjNKnU,,,,,40.5978,-74.0001,anonymous,EN,,,Lars Halden,10,200,100,50,300,80,Female,48
2024-02-27 19:42:38,2024-02-27 19:44:25,IP Address,76.127.201.77,100,106,True,2024-02-27 19:44:25,R_5fDvDiYLHX2dOHa,,,,,42.2796,-71.1282,anonymous,EN,,,Lars Halden,11,120,80,50,100,60,Female,23
2024-02-27 20:05:28,2024-02-27 20:07:09,IP Address,37.203.152.51,100,100,True,2024-02-27 20:07:09,R_27EhcudVAtAk5Pw,,,,,51.5573,-0.2971,anonymous,EN,9,,,11,215,123,53,315,150,Female,28
2024-02-27 20:39:03,2024-02-27 20:40:30,IP Address,72.76.25.248,100,86,True,2024-02-27 20:40:30,R_7O7CgWNJpHatcQK,,,,,40.8125,-74.2134,anonymous,EN,,102,,10,75,200,125,1000,250,Female,24
2024-02-27 21:04:07,2024-02-27 21:06:00,IP Address,172.56.198.83,100,113,True,2024-02-27 21:06:01,R_1aDzRmHo0tc4Ei1,,,,,42.415,-71.0527,anonymous,EN,9,,,12,100,150,120,500,300,Female,25
2024-02-27 21:34:11,2024-02-27 21:35:37,IP Address,76.127.201.77,100,85,True,2024-02-27 21:35:37,R_6gYsVpRwtntUefT,,,,,42.2796,-71.1282,anonymous,EN,,,Lars Halden,4,100,75,50,1000,90,Female,28
2024-02-27 22:17:34,2024-02-27 22:18:41,IP Address,71.235.135.60,100,67,True,2024-02-27 22:18:42,R_6EGlks5sA0wePHe,,,,,42.3399,-71.1245,anonymous,EN,,,Lars Halden,11,80,95,70,500,200,Female,22
2024-02-27 22:34:22,2024-02-27 22:36:49,IP Address,73.249.246.194,100,146,True,2024-02-27 22:36:49,R_6OcVJu1acfecInj,,,,,42.2796,-71.1282,anonymous,EN,,102,,12,300,50,40,150,1000,Male,21
2024-02-27 22:38:09,2024-02-27 22:39:48,IP Address,24.63.77.59,100,98,True,2024-02-27 22:39:48,R_1XpTQ1a5XncQGYR,,,,,42.3474,-71.1582,anonymous,EN,,102,,10,60,130,80,600,170,Male,24
2024-02-27 22:38:40,2024-02-27 22:48:49,IP Address,103.49.252.230,100,608,True,2024-02-27 22:48:50,R_47r1IAw59YiHnJT,,,,,17.3724,78.4378,anonymous,EN,,,Lars Halden,10,146,268,48,225,176,Male,23
2024-02-27 23:03:44,2024-02-27 23:07:49,IP Address,119.73.104.124,100,244,True,2024-02-27 23:07:49,R_4V2YVH00Hs7VAZa,,,,,24.8591,66.9983,anonymous,EN,,102,,15,160,140,85,300,350,Female,30
2024-02-28 00:01:17,2024-02-28 00:04:49,IP Address,80.56.140.244,100,211,True,2024-02-28 00:04:49,R_8hydo5YxMMmXrQY,,,,,51.9772,5.661,anonymous,EN,,,Lars Halden,10,200,350,70,700,70,Female,21
2024-02-28 03:37:16,2024-02-28 03:40:04,IP Address,89.99.82.121,100,168,True,2024-02-28 03:40:05,R_4MAVj80EdlBaC33,,,,,51.9281,4.5052,anonymous,EN,9,,,9,0,69,63,6969,96,Male,23
2024-02-28 03:35:50,2024-02-28 03:41:35,IP Address,154.192.1.14,100,344,True,2024-02-28 03:41:35,R_4e1T8quKacC03hF,,,,,33.7233,73.0435,anonymous,EN,,102,,9,150,250,150,350,180,Male,24
2024-02-28 04:16:55,2024-02-28 04:19:44,IP Address,201.1.98.89,100,169,True,2024-02-28 04:19:44,R_1bjFx7G7k6iOOyJ,,,,,-23.6283,-46.6409,anonymous,EN,9,,,10,100,200,50,500,300,Female,21
2024-02-28 04:20:04,2024-02-28 05:18:32,IP Address,187.90.223.132,100,3507,True,2024-02-28 05:18:33,R_378DxqE4Km3VCbn,,,,,-23.6283,-46.6409,anonymous,EN,,102,,10,75,43,55,300,42,Female,22
2024-02-28 05:22:39,2024-02-28 05:25:14,IP Address,119.73.97.7,100,155,True,2024-02-28 05:25:15,R_48rc9QpldH638vT,,,,,24.9246,67.087,anonymous,EN,,,Lars Halden,13,150,200,75,400,300,Female,33
2024-02-28 07:08:11,2024-02-28 07:16:47,IP Address,68.195.64.103,100,516,True,2024-02-28 07:16:48,R_1Gy9DT0S33bn3q3,,,,,40.8275,-73.1225,anonymous,EN,,,Lars Halden,12,200,200,200,500,300,Male,64
2024-02-28 07:16:00,2024-02-28 07:21:07,IP Address,49.205.119.255,100,307,True,2024-02-28 07:21:08,R_4g09KyqWKgBGjZh,,,,,17.3724,78.4378,anonymous,EN,,,Lars Halden,9,87,7,7,2,8392938473802937392927373829,Male,24
2024-02-28 07:14:19,2024-02-28 07:24:25,IP Address,14.139.86.166,100,605,True,2024-02-28 07:24:25,R_4HYFmkQqYLVNuEN,,,,,17.3724,78.4378,anonymous,EN,9,,,10,150,50,30,300,200,Male,23
2024-02-28 07:58:15,2024-02-28 08:00:57,IP Address,201.1.50.125,100,161,True,2024-02-28 08:00:58,R_15NOMjongaWRakF,,,,,-23.6283,-46.6409,anonymous,EN,,,Lars Halden,11,350,600,280,580,190,Female,21
2024-02-28 08:36:21,2024-02-28 08:52:57,IP Address,2.202.10.194,100,996,True,2024-02-28 08:52:58,R_1pK2qGLRzvF4Vja,,,,,50.7479,6.0485,anonymous,EN,,,Lars Halden,12,380,586,165,878,690,Male,26
2024-02-28 10:19:19,2024-02-28 10:22:41,IP Address,79.13.31.22,100,201,True,2024-02-28 10:22:42,R_2uKb1iVu7N1w4ej,,,,,40.7904,14.6058,anonymous,EN,,,Lars Halden,9,100,80,65,150,90,Male,28
2024-02-28 10:24:12,2024-02-28 10:27:14,IP Address,109.53.253.205,100,182,True,2024-02-28 10:27:15,R_2ATgPG4VZjBKrOk,,,,,43.6655,10.6304,anonymous,EN,,102,,11,93,145,122,200,176,Male,23
2024-02-28 10:32:22,2024-02-28 10:34:34,IP Address,174.242.69.234,100,131,True,2024-02-28 10:34:34,R_7lbN47XzjnhvNiQ,,,,,42.428,-71.0618,anonymous,EN,25,,,10,140,80,60,400,120,Male,26
2024-02-28 10:33:14,2024-02-28 10:35:25,IP Address,66.30.164.70,100,131,True,2024-02-28 10:35:26,R_6gjUr3745VrV4q5,,,,,42.0249,-71.0951,anonymous,EN,,102,,9,140,100,50,500,100,Female,49
2024-02-28 10:40:36,2024-02-28 10:43:22,IP Address,73.68.2.182,100,165,True,2024-02-28 10:43:22,R_1Sw3GMLmRGaVP2U,,,,,42.3498,-71.0765,anonymous,EN,,,Lars Halden,9,50,100,30,200,375,Female,25
2024-02-28 11:12:45,2024-02-28 11:16:21,IP Address,174.206.160.140,100,215,True,2024-02-28 11:16:21,R_54uHl55OuJHpaY9,,,,,40.7643,-74.148,anonymous,EN,,,Lars Halden,8,120,300,250,175,260,Female,24
2024-02-28 11:18:21,2024-02-28 11:25:42,IP Address,193.207.96.145,100,441,True,2024-02-28 11:25:43,R_50Yot6JwKIuvS3w,,,,,43.1479,12.1097,anonymous,EN,,,Lars Halden,12,1000,720,400,700,500,Female,59
2024-02-28 12:13:03,2024-02-28 12:15:13,IP Address,128.197.29.231,100,129,True,2024-02-28 12:15:14,R_6EiGjNhG7huP6Kj,,,,,42.3464,-71.0975,anonymous,EN,,102,,10,107,75,50,125,112,Male,27
2024-02-28 12:44:05,2024-02-28 12:46:47,IP Address,71.232.28.77,100,161,True,2024-02-28 12:46:48,R_6X08i3VqsEpOWmc,,,,,42.3474,-71.1582,anonymous,EN,9,,,11,225,100,70,300,200,Male,22
2024-02-28 14:14:30,2024-02-28 14:16:01,IP Address,128.197.29.227,100,90,True,2024-02-28 14:16:02,R_3lsep2XCQscVrfk,,,,,42.3464,-71.0975,anonymous,EN,,102,,9,50,70,70,200,90,Male,23
2024-02-28 14:27:49,2024-02-28 14:29:52,IP Address,172.59.65.44,100,122,True,2024-02-28 14:29:52,R_57eRYE5KaRChzlD,,,,,30.1918,-81.6028,anonymous,EN,,27,,9,150,80,75,700,250,Female,27
2024-02-28 14:42:19,2024-02-28 14:44:29,IP Address,172.56.199.38,100,129,True,2024-02-28 14:44:29,R_5gdWprHElMiFr4D,,,,,42.415,-71.0527,anonymous,EN,,102,,11,104,105,65,56,87,Female,24
2024-02-28 15:41:23,2024-02-28 15:43:57,IP Address,172.56.197.42,100,153,True,2024-02-28 15:43:57,R_5dgeFiliTOaoRuP,,,,,42.3531,-71.0958,anonymous,EN,9,,,11,195,130,45,290,180,Female,21
2024-02-28 16:25:05,2024-02-28 16:26:28,IP Address,189.1.168.188,100,82,True,2024-02-28 16:26:28,R_7msyuTdIQzAtBz0,,,,,-23.5335,-46.6359,anonymous,EN,9,,,10,180,140,60,220,95,Female,21
2024-02-28 16:27:51,2024-02-28 16:30:00,IP Address,185.153.176.204,100,129,True,2024-02-28 16:30:01,R_6JRcISn45QrzNw0,,,,,-23.5335,-46.6359,anonymous,EN,,,Lars Halden,12,230,80,60,250,100,Male,26
2024-02-28 16:39:31,2024-02-28 16:45:54,IP Address,189.98.252.113,100,382,True,2024-02-28 16:45:54,R_5I654eaENP7lkmc,,,,,-23.6283,-46.6409,anonymous,EN,9,,,9,85,90,70,300,330,Male,62
2024-02-28 16:51:52,2024-02-28 16:54:49,IP Address,189.100.70.176,100,177,True,2024-02-28 16:54:50,R_1IlfI0YQEaviu3L,,,,,-23.6283,-46.6409,anonymous,EN,9,,,12,210,180,25,1500,120,Male,67
2024-02-28 16:55:16,2024-02-28 16:57:48,IP Address,90.39.109.8,100,151,True,2024-02-28 16:57:48,R_24klAXs8GoxUD8B,,,,,50.2922,2.7804,anonymous,EN,,102,,12,250,125,75,150,75,Non-binary / third gender,22
2024-02-28 16:57:48,2024-02-28 16:59:30,IP Address,81.92.200.91,100,102,True,2024-02-28 16:59:31,R_5EgLXNs6xzlmmyz,,,,,51.5064,-0.02,anonymous,EN,9,,,13,150,80,50,500,60,Non-binary / third gender,19
2024-02-28 16:52:16,2024-02-28 17:03:08,IP Address,177.198.85.183,100,652,True,2024-02-28 17:03:09,R_6vBhLXcSDgiyBl7,,,,,-23.6283,-46.6409,anonymous,EN,,102,,9,100,50,30,200,200,Female,63
2024-02-28 16:56:39,2024-02-28 17:08:01,IP Address,189.100.70.176,100,681,True,2024-02-28 17:08:02,R_74ikOvnOdHrfOrn,,,,,-23.6283,-46.6409,anonymous,EN,9,,,3,60,80,40,250,180,Female,57
2024-02-28 17:08:24,2024-02-28 17:11:42,IP Address,189.120.78.89,100,197,True,2024-02-28 17:11:42,R_7AMyFiIaJjh5qfj,,,,,-23.6283,-46.6409,anonymous,EN,,,Lars Halden,10,100,50,60,300,100,Female,53
2024-02-28 17:09:47,2024-02-28 17:13:02,IP Address,64.147.5.26,100,194,True,2024-02-28 17:13:02,R_7tJ1z6IosmPKsiN,,,,,33.6914,-117.7913,anonymous,EN,,,Lars Halden,12,426,245,75,300,520,Female,36
2024-02-28 17:15:47,2024-02-28 17:18:20,IP Address,189.100.70.176,100,152,True,2024-02-28 17:18:20,R_6l7qGuUQKwcioTv,,,,,-23.6283,-46.6409,anonymous,EN,,,Lars Halden,6,120,87,35,1000,50,Male,68
2024-02-28 17:17:34,2024-02-28 17:20:08,IP Address,86.22.169.176,100,153,True,2024-02-28 17:20:08,R_8WT56BuXubipnEH,,,,,52.6281,1.2862,anonymous,EN,9,,,9,50,65,35,150,40,Female,21
2024-02-28 17:13:00,2024-02-28 17:20:44,IP Address,189.100.70.176,100,464,True,2024-02-28 17:20:45,R_5tal3Is5Ka6Y1MW,,,,,-23.6283,-46.6409,anonymous,EN,,9,,6,150,120,60,350,200,Female,60
2024-02-28 17:18:52,2024-02-28 17:23:13,IP Address,76.214.160.240,100,261,True,2024-02-28 17:23:14,R_5KTu2TVP4cl7RyE,,,,,41.4951,-81.4657,anonymous,EN,9,,,12,300,250,80,250,225,Female,23
2024-02-28 17:18:53,2024-02-28 17:29:14,IP Address,186.222.199.176,100,621,True,2024-02-28 17:29:15,R_7SreUgT4XCvc6sP,,,,,-20.8188,-49.3711,anonymous,EN,,,Lars Halden,11,540,200,180,1500,900,Male,48
2024-02-28 17:46:16,2024-02-28 17:51:18,IP Address,177.172.24.28,100,302,True,2024-02-28 17:51:19,R_7cheG6acNazG9Vr,,,,,-23.6283,-46.6409,anonymous,EN,,102,,10,120,75,50,160,70,Male,34
2024-02-28 18:25:17,2024-02-28 18:28:31,IP Address,172.59.65.187,100,194,True,2024-02-28 18:28:32,R_74vcLC0UJodtGUh,,,,,30.1918,-81.6028,anonymous,EN,9,,,7,2000,125,70,1000,1500,Female,30
2024-02-28 18:31:50,2024-02-28 18:35:09,IP Address,45.26.212.46,100,198,True,2024-02-28 18:35:09,R_5QlxhmzNfTrpdBw,,,,,35.401,-80.8688,anonymous,EN,9,,,11,245,300,195,500,270,Female,26
2024-02-28 18:56:44,2024-02-28 18:58:23,IP Address,66.177.50.61,100,99,True,2024-02-28 18:58:24,R_1KCHQJWGjVJjWdw,,,,,30.1227,-81.351,anonymous,EN,,12,,10,50,75,35,100,45,Female,54
2024-02-28 19:03:49,2024-02-28 19:05:39,IP Address,104.192.47.232,100,109,True,2024-02-28 19:05:40,R_1FbmnYTD4dcOySE,,,,,43.6403,-79.3711,anonymous,EN,9,,,11,125,140,65,250,165,Male,29
2024-02-28 19:14:35,2024-02-28 19:18:12,IP Address,79.30.141.93,100,217,True,2024-02-28 19:18:13,R_2Vg4b7noH2wI8Xx,,,,,43.847,10.5018,anonymous,EN,,102,,3,100,100,100,100,100,Female,25
2024-02-28 19:36:28,2024-02-28 19:38:11,IP Address,177.80.66.126,100,102,True,2024-02-28 19:38:11,R_3nJANOWQrUhHfCC,,,,,-23.673,-46.5302,anonymous,EN,,,,8,100,120,70,1000,150,Female,27
2024-02-28 19:58:23,2024-02-28 20:01:22,IP Address,108.168.5.51,100,179,True,2024-02-28 20:01:23,R_1WVFZmAj0nPmaG5,,,,,42.9641,-81.2059,anonymous,EN,,102,,12,70,40,40,105,150,Non-binary / third gender,19
2024-02-28 20:21:09,2024-02-28 20:24:08,IP Address,179.99.191.160,100,178,True,2024-02-28 20:24:08,R_15prdX5qBs2TDQB,,,,,-23.6283,-46.6409,anonymous,EN,,,Magnus Johansen,10,800,300,190,1000,300,Male,65
2024-02-28 20:25:34,2024-02-28 20:27:54,IP Address,104.28.103.21,100,140,True,2024-02-28 20:27:54,R_3BmLVZadw8NBJJk,,,,,41.779,-87.7789,anonymous,EN,,102,,12,200,100,60,150,250,Female,22
2024-02-28 20:56:00,2024-02-28 20:58:39,IP Address,129.22.21.196,100,159,True,2024-02-28 20:58:40,R_1EmecfkUSi5I6WB,,,,,41.5066,-81.6111,anonymous,EN,,102,,12,320,150,100,700,500,Male,22
2024-02-28 21:57:51,2024-02-28 21:59:54,IP Address,67.189.35.122,100,123,True,2024-02-28 21:59:54,R_6PeL4jqDzvCtm5r,,,,,45.6435,-122.6247,anonymous,EN,,,Lars Halden,9,80,200,90,150,80,Non-binary / third gender,33
2024-02-28 22:28:53,2024-02-28 22:31:11,IP Address,104.220.139.152,100,137,True,2024-02-28 22:31:11,R_7lJmHPg6U3JSVSA,,,,,38.7883,-121.2366,anonymous,EN,,,Lars Halden,14,130,112,30,200,103,Female,21
2024-02-28 20:46:56,2024-02-28 23:23:33,IP Address,74.141.95.29,100,9397,True,2024-02-28 23:23:33,R_6qX7FcvCvO0WLp7,,,,,41.9318,-80.5887,anonymous,EN,,,Lars Halden,10,1699,7,55,259,1600,Female,34
2024-02-29 00:12:12,2024-02-29 00:16:33,IP Address,79.50.189.106,100,260,True,2024-02-29 00:16:34,R_4eOVbs7bjTqH73c,,,,,46.4887,11.3394,anonymous,EN,9,,,14,450,80,45,350,180,Female,24
2024-02-29 00:36:16,2024-02-29 00:41:24,IP Address,24.237.118.19,100,307,True,2024-02-29 00:41:24,R_7hrJ9Vm5zriI0rm,,,,,57.0478,-135.32,anonymous,EN,,102,,12,280,123,50,160,190,Female,38
2024-02-29 01:46:25,2024-02-29 01:52:02,IP Address,38.175.130.67,100,336,True,2024-02-29 01:52:02,R_3n7eDBaLflLq9I6,,,,,49.2476,-123.1234,anonymous,EN,,102,,9,220,100,50,300,160,Male,31
2024-02-29 01:57:31,2024-02-29 01:59:15,IP Address,80.215.243.153,100,104,True,2024-02-29 01:59:16,R_6YnFejqzD7huvap,,,,,48.8323,2.4075,anonymous,EN,,102,,10,200,200,250,500,400,Female,18
2024-02-29 02:07:13,2024-02-29 02:11:30,IP Address,219.89.31.214,100,257,True,2024-02-29 02:11:31,R_4YmNpjKyqweBbQH,,,,,-41.2424,174.7844,anonymous,EN,,,Lars Halden,11,195,46,32,375,78,Female,21
2024-02-29 02:20:46,2024-02-29 02:24:10,IP Address,96.51.156.141,100,204,True,2024-02-29 02:24:11,R_3TbESlMdVDv0xtD,,,,,51.0927,-114.2017,anonymous,EN,,102,,11,115,87,66,250,77,Female,36
2024-02-29 04:31:38,2024-02-29 04:35:22,IP Address,84.241.197.159,100,223,True,2024-02-29 04:35:22,R_5jWmgcfbFwa05nW,,,,,52.3669,4.9517,anonymous,EN,,,Lars Halden,10,160,140,80,250,125,Male,24
2024-02-29 04:27:00,2024-02-29 04:35:58,IP Address,2.218.136.247,100,538,True,2024-02-29 04:35:59,R_27NhLTvHr2pnFFn,,,,,51.7687,0.7573,anonymous,EN,9,,,11,240,350,130,320,225,Non-binary / third gender,19
2024-02-29 05:28:28,2024-02-29 05:41:49,IP Address,73.20.211.158,100,801,True,2024-02-29 05:41:49,R_5PbzmxCmKZhbLcR,,,,,33.5077,-81.6877,anonymous,EN,,102,,3,280,100,50,1000,320,Female,62
2024-02-29 05:48:35,2024-02-29 05:49:49,IP Address,217.111.196.7,100,73,True,2024-02-29 05:49:49,R_41SBOTiRiap8kWd,,,,,51.5088,-0.093,anonymous,EN,,102,,10,115,270,70,1000,115,Female,26
2024-02-29 06:31:56,2024-02-29 06:35:36,IP Address,173.8.44.53,100,220,True,2024-02-29 06:35:37,R_7EP4SK2vHLERQ65,,,,,30.1227,-81.351,anonymous,EN,,,Lars Halden,11,175,95,90,500,80,Male,55
2024-02-29 06:35:57,2024-02-29 06:37:27,IP Address,166.205.147.115,100,90,True,2024-02-29 06:37:28,R_5CqKf2O7UD8P16m,,,,,41.5382,-72.8008,anonymous,EN,,,Lars Halden,11,125,50,65,220,60,Female,26
2024-02-29 06:55:47,2024-02-29 06:58:17,IP Address,145.40.158.168,100,150,True,2024-02-29 06:58:18,R_13ZQkVjsbJbcU1S,,,,,50.9169,-1.422,anonymous,EN,9,,,10,1024,140,100,300,140,Female,21
2024-02-29 07:00:54,2024-02-29 07:03:14,IP Address,108.147.177.4,100,140,True,2024-02-29 07:03:15,R_3L7tULgC7csHOLY,,,,,33.8719,-84.3912,anonymous,EN,,,Lars Halden,11,75,33,24,55,44,Male,24
2024-02-29 07:41:57,2024-02-29 07:48:43,IP Address,177.26.242.31,100,405,True,2024-02-29 07:48:43,R_1NgeCbT9GHama4Z,,,,,-23.6283,-46.6409,anonymous,EN,9,,,9,300,1000,800,5000,1000,Male,36
2024-02-29 07:44:49,2024-02-29 07:49:15,IP Address,187.60.19.57,100,266,True,2024-02-29 07:49:15,R_56roexgCPkBlce5,,,,,-23.8535,-46.2708,anonymous,EN,9,,,11,280,150,140,350,120,Male,52
2024-02-29 07:43:38,2024-02-29 07:54:19,IP Address,71.235.52.230,100,640,True,2024-02-29 07:54:19,R_6O1JEA8U4gc5pLz,,,,,42.3268,-71.1341,anonymous,EN,,,Lars Halden,10,126,224,99,1800,168,Female,25
2024-02-29 07:49:11,2024-02-29 07:56:18,IP Address,200.173.50.14,100,426,True,2024-02-29 07:56:19,R_7ya9vcq0C7ZUtgi,,,,,-23.5335,-46.6359,anonymous,EN,,,Lars Halden,11,480,400,300,1200,240,Male,23
2024-02-29 07:51:52,2024-02-29 07:57:11,IP Address,187.60.19.57,100,319,True,2024-02-29 07:57:11,R_5rUTct2Jp27awFF,,,,,-23.8535,-46.2708,anonymous,EN,9,,,9,135,181,45,1199,80,Male,45
2024-02-29 07:43:44,2024-02-29 08:00:21,IP Address,200.173.49.31,100,996,True,2024-02-29 08:00:21,R_3lLWqCu7DnN3xpA,,,,,-23.5335,-46.6359,anonymous,EN,,102,,12,100,150,99,1000,200,Female,51
2024-02-29 08:01:26,2024-02-29 08:04:57,IP Address,189.96.233.130,100,211,True,2024-02-29 08:04:58,R_7rP7EMUvpCD5DXy,,,,,-23.6283,-46.6409,anonymous,EN,102,,,12,300,330,90,1000,600,Male,43
2024-02-28 17:55:56,2024-02-29 08:06:27,IP Address,189.102.42.98,100,51031,True,2024-02-29 08:06:28,R_171BNlD6cL8XgMA,,,,,-23.5335,-46.6359,anonymous,EN,9,,,8,200,150,80,500,100,Male,60
2024-02-29 08:06:09,2024-02-29 08:07:50,IP Address,24.134.114.53,100,100,True,2024-02-29 08:07:50,R_80Md7629HBWcBJD,,,,,50.3785,7.711,anonymous,EN,,102,,10,100,170,80,350,200,Female,26
2024-02-29 07:43:09,2024-02-29 08:12:39,IP Address,104.28.63.104,100,1770,True,2024-02-29 08:12:40,R_7kcsfkgxlwV3hYH,,,,,-23.5335,-46.6359,anonymous,EN,,,Lars Halden,9,500,300,200,2000,2000,Female,39
2024-02-29 08:17:10,2024-02-29 08:23:38,IP Address,186.204.56.91,100,388,True,2024-02-29 08:23:38,R_6kXHfd5iUCI7Xri,,,,,-23.6283,-46.6409,anonymous,EN,,,Lars Halden,9,300,150,50,350,150,Male,62
2024-02-29 08:14:28,2024-02-29 08:26:07,IP Address,177.223.244.221,100,698,True,2024-02-29 08:26:07,R_1uhwM4AaRJMRE7T,,,,,-21.6901,-47.5071,anonymous,EN,,102,,4,80,105,70,800,300,Male,60
2024-02-29 08:31:22,2024-02-29 08:34:21,IP Address,200.173.49.24,100,179,True,2024-02-29 08:34:22,R_58ZlKuqiBnFnfHE,,,,,-23.5335,-46.6359,anonymous,EN,,,Lars Halden,10,240,150,150,250,300,Male,32
2024-02-29 08:40:25,2024-02-29 08:45:34,IP Address,177.26.81.57,100,309,True,2024-02-29 08:45:35,R_7iPiPzL3eAZNMRz,,,,,-22.9201,-43.0811,anonymous,EN,,,,12,400,500,50,1000,2000,Male,
2024-02-29 09:35:20,2024-02-29 09:39:45,IP Address,77.0.62.100,100,265,True,2024-02-29 09:39:46,R_4DGvcgQHkDfdnQr,,,,,53.5867,10.0473,anonymous,EN,,102,,12,140,120,100,300,130,Male,38
2024-02-29 09:43:34,2024-02-29 09:46:38,IP Address,200.173.167.201,100,184,True,2024-02-29 09:46:39,R_6g2weEZRg2NGdBu,,,,,-23.5335,-46.6359,anonymous,EN,,,Lars Halden,11,150,108,48,604,77,Female,24
2024-02-29 08:08:29,2024-02-29 10:14:42,IP Address,187.60.19.57,100,7572,True,2024-02-29 10:14:42,R_6KepUz7ykwMXjkR,,,,,-23.8535,-46.2708,anonymous,EN,9,,,7,260,130,60,292,205,Male,43
2024-02-29 10:07:37,2024-02-29 10:15:05,IP Address,189.102.42.98,100,448,True,2024-02-29 10:15:06,R_3VlTjVTl88ZP6L5,,,,,-23.5335,-46.6359,anonymous,EN,,,Lars Halden,11,380,600,261,3000,1080,Male,40
2024-02-29 10:14:26,2024-02-29 10:16:11,IP Address,85.76.113.165,100,104,True,2024-02-29 10:16:11,R_1aFC7Ku950aUwKZ,,,,,60.1797,24.9344,anonymous,EN,,102,,10,200,100,60,400,60,Female,34
2024-02-29 10:24:18,2024-02-29 10:30:37,IP Address,189.102.42.98,100,378,True,2024-02-29 10:30:37,R_3LF9sJ9rJsiwIuJ,,,,,-23.5335,-46.6359,anonymous,EN,9,,,11,500,100,60,300,280,Female,52
2024-02-29 10:29:24,2024-02-29 10:32:14,IP Address,85.10.99.119,100,170,True,2024-02-29 10:32:15,R_4L0dCkASuxI4J0o,,,,,49.6246,6.0735,anonymous,EN,,42,,10,300,200,100,1000,300,Male,42
2024-02-29 10:29:49,2024-02-29 10:33:53,IP Address,187.60.16.221,100,244,True,2024-02-29 10:33:54,R_1KT8vo9KRauFIuU,,,,,-24.0182,-46.3512,anonymous,EN,,,,12,172,312,74,753,957,Male,47
2024-02-29 10:33:23,2024-02-29 10:39:27,IP Address,189.102.42.98,100,363,True,2024-02-29 10:39:27,R_5qqvMlGb3075zlT,,,,,-23.5335,-46.6359,anonymous,EN,,102,,11,185,125,88,1000,58,Female,49
2024-02-29 10:43:35,2024-02-29 10:47:55,IP Address,189.102.42.98,100,260,True,2024-02-29 10:47:56,R_5KTmBiyQAO39jht,,,,,-23.5335,-46.6359,anonymous,EN,9,,,9,300,50,60,150,160,Male,61
2024-02-29 10:46:29,2024-02-29 11:01:36,IP Address,45.172.119.237,100,907,True,2024-02-29 11:01:36,R_5o5tQB4vOi73ors,,,,,-20.8188,-49.3711,anonymous,EN,,,Lars Halden,9,160,160,70,600,540,Male,49
2024-02-29 10:34:37,2024-02-29 11:03:27,IP Address,92.184.105.123,100,1729,True,2024-02-29 11:03:27,R_4PXAtOcEGIacm7n,,,,,48.8582,2.3387,anonymous,EN,,,Lars Halden,11,400,70,70,350,150,Female,43
2024-02-29 11:06:06,2024-02-29 11:12:48,IP Address,167.250.147.18,100,402,True,2024-02-29 11:12:49,R_5dWmRnAgeZ5NUEN,,,,,-20.7701,-49.3577,anonymous,EN,9,,,11,450,300,200,500,270,Female,36
2024-02-29 10:15:58,2024-02-29 11:15:17,IP Address,85.10.99.119,100,3558,True,2024-02-29 11:15:17,R_5HYtwAo7G3xKWl2,,,,,49.6246,6.0735,anonymous,EN,,,Lars Halden,10,499,499,200,2000,500,Female,42
2024-02-29 11:25:04,2024-02-29 11:28:04,IP Address,104.28.92.201,100,179,True,2024-02-29 11:28:04,R_1loR5dToXABgyG0,,,,,25.8906,-80.1784,anonymous,EN,,,Lars Halden,10,85,100,70,500,50,Male,73
2024-02-29 11:23:13,2024-02-29 11:28:33,IP Address,189.102.42.98,100,319,True,2024-02-29 11:28:33,R_7dtKeqS1yeFF4kh,,,,,-23.5335,-46.6359,anonymous,EN,9,,,9,15,9,19,50,60,Female,40
2024-02-29 11:30:24,2024-02-29 11:32:36,IP Address,187.90.204.161,100,132,True,2024-02-29 11:32:37,R_5rc9zFKYVgYQkjn,,,,,-23.6283,-46.6409,anonymous,EN,,40,,12,700,150,100,400,900,Female,40
2024-02-29 11:34:13,2024-02-29 11:37:44,IP Address,200.173.85.69,100,210,True,2024-02-29 11:37:44,R_62WjhwJVxEHRBdF,,,,,-23.5335,-46.6359,anonymous,EN,,102,,11,2011,125,73,465,700,Male,37
2024-02-29 11:35:39,2024-02-29 11:38:34,IP Address,201.62.94.100,100,174,True,2024-02-29 11:38:35,R_52VXpMHMMYVxnIi,,,,,-22.1871,-49.9952,anonymous,EN,,102,,11,800,200,50,300,100,Female,23
2024-02-29 11:36:28,2024-02-29 11:38:47,IP Address,187.49.244.24,100,138,True,2024-02-29 11:38:47,R_3jHsDOkoie7JZAL,,,,,-21.0848,-49.2182,anonymous,EN,,102,,11,250,500,300,1000,450,Male,24
2024-02-29 11:36:17,2024-02-29 11:39:12,IP Address,177.57.20.14,100,174,True,2024-02-29 11:39:12,R_5HIAL3fhZrY50Sa,,,,,-22.9035,-47.0565,anonymous,EN,,102,,11,70,80,70,500,70,Female,17
2024-02-29 11:37:50,2024-02-29 11:39:35,IP Address,177.32.89.240,100,104,True,2024-02-29 11:39:35,R_5fd4TXJGPK60lf2,,,,,-23.5335,-46.6359,anonymous,EN,,102,,11,200,300,250,1000,400,Female,23
2024-02-29 11:38:31,2024-02-29 11:40:23,IP Address,189.40.91.128,100,111,True,2024-02-29 11:40:24,R_7eWr0rR6mGm9e36,,,,,-23.6283,-46.6409,anonymous,EN,,,Lars Halden,13,450,170,288,509,180,Male,24
2024-02-29 11:36:19,2024-02-29 11:40:32,IP Address,187.60.19.57,100,253,True,2024-02-29 11:40:33,R_1mf6dIjriPhgxDX,,,,,-23.8535,-46.2708,anonymous,EN,,,Lars Halden,10,48,67,58,250,88,Female,31
2024-02-29 11:36:04,2024-02-29 11:40:38,IP Address,177.138.170.47,100,274,True,2024-02-29 11:40:39,R_6BLGwidKNBNEawF,,,,,-20.7701,-49.3577,anonymous,EN,,,Lars Halden,12,100,70,50,150,200,Male,22
2024-02-29 11:40:12,2024-02-29 11:41:40,IP Address,128.146.189.78,100,88,True,2024-02-29 11:41:41,R_5mJY6P7IiuZv1T7,,,,,40.0043,-83.0177,anonymous,EN,,102,,10,200,100,100,300,150,Male,20
2024-02-29 11:33:21,2024-02-29 11:42:12,IP Address,200.173.175.81,100,530,True,2024-02-29 11:42:13,R_6fkIE3EX4DrE7y1,,,,,-23.5335,-46.6359,anonymous,EN,9,,,10,80,180,71,150,90,Male,22
2024-02-29 11:39:17,2024-02-29 11:42:14,IP Address,187.181.214.42,100,176,True,2024-02-29 11:42:15,R_3gZ5yq8lO9gpmEn,,,,,-20.8188,-49.3711,anonymous,EN,9,,,10,300,110,85,500,80,Female,20
2024-02-29 11:29:14,2024-02-29 11:42:56,IP Address,187.60.19.57,100,821,True,2024-02-29 11:42:56,R_66JZkiCkRQGqjDP,,,,,-23.8535,-46.2708,anonymous,EN,,,,9,60,80,100,1000,100,Male,50
2024-02-29 11:46:26,2024-02-29 11:49:20,IP Address,163.116.224.113,100,174,True,2024-02-29 11:49:21,R_1oMBT63nUFAW4rn,,,,,-23.5335,-46.6359,anonymous,EN,,102,,11,100,60,65,100,200,Male,22
2024-02-29 11:39:24,2024-02-29 11:52:20,IP Address,2.80.47.224,100,776,True,2024-02-29 11:52:21,R_25bYDPcH0O0QMh3,,,,,40.2057,-8.4213,anonymous,EN,,,Lars Halden,10,300,100,50,500,1000,Female,36
2024-02-29 11:51:54,2024-02-29 11:56:25,IP Address,187.181.209.41,100,271,True,2024-02-29 11:56:25,R_7ezh2IlbixRY1xD,,,,,-20.8188,-49.3711,anonymous,EN,,102,,8,257,153,93,250,122,Male,21
2024-02-29 11:57:11,2024-02-29 11:59:36,IP Address,172.225.83.33,100,144,True,2024-02-29 11:59:36,R_3uOIpbdYPMUhoVf,,,,,-23.5335,-46.6359,anonymous,EN,,102,,10,450,900,600,1200,500,Male,21
2024-02-29 11:58:59,2024-02-29 12:03:27,IP Address,177.26.246.187,100,267,True,2024-02-29 12:03:27,R_1urnRSgjoeRsXaY,,,,,-23.6283,-46.6409,anonymous,EN,,102,,10,320,216,60,480,280,Male,47
2024-02-29 12:02:27,2024-02-29 12:04:28,IP Address,2.80.133.249,100,121,True,2024-02-29 12:04:28,R_7WONHYpFQsvtvbX,,,,,39.3562,-9.2058,anonymous,EN,,,Lars Halden,12,200,50,30,100,150,Female,34
2024-02-29 12:06:25,2024-02-29 12:12:48,IP Address,187.181.208.123,100,382,True,2024-02-29 12:12:48,R_6GqTi8nY1GhkBZ2,,,,,-20.8188,-49.3711,anonymous,EN,,102,,11,204,240,105,200,240,Female,20
2024-02-29 12:29:25,2024-02-29 12:32:22,IP Address,177.26.244.75,100,176,True,2024-02-29 12:32:23,R_10tGpUl62OWQdgJ,,,,,-23.6283,-46.6409,anonymous,EN,,,Lars Halden,11,387,126,84,274,439,Male,
2024-02-29 12:42:35,2024-02-29 12:44:26,IP Address,2.83.249.9,100,111,True,2024-02-29 12:44:27,R_6dJ1LV8vO2mmzXX,,,,,40.2057,-8.4213,anonymous,EN,,,Lars Halden,11,57,50,40,360,80,Female,16
2024-02-29 12:41:38,2024-02-29 12:45:36,IP Address,189.96.232.108,100,238,True,2024-02-29 12:45:37,R_51FDa8fSX2EcLK1,,,,,-23.6283,-46.6409,anonymous,EN,,,Lars Halden,10,350,500,200,1050,600,Female,59
2024-02-29 12:47:06,2024-02-29 12:56:46,IP Address,200.178.24.242,100,579,True,2024-02-29 12:56:46,R_7VvI4RPFEQuSvqe,,,,,-23.6283,-46.6409,anonymous,EN,,69,,11,57,51,34,600,55,Male,69
2024-02-29 12:57:00,2024-02-29 13:00:57,IP Address,128.197.29.252,100,236,True,2024-02-29 13:00:57,R_5wR0Xeh2YBwqQiN,,,,,42.3464,-71.0975,anonymous,EN,,,Lars Halden,3,50,70,30,100,40,Female,25
2024-02-29 13:01:36,2024-02-29 13:04:23,IP Address,200.173.178.200,100,166,True,2024-02-29 13:04:24,R_7zwDyB2uoYY6zsu,,,,,-23.5335,-46.6359,anonymous,EN,,58,,12,440,150,98,500,659,Female,58
2024-02-29 13:00:17,2024-02-29 13:05:03,IP Address,187.60.19.57,100,285,True,2024-02-29 13:05:03,R_6QtWGHz1FDD6DNp,,,,,-23.8535,-46.2708,anonymous,EN,9,,,12,70,200,55,150,60,Male,25
2024-02-29 12:57:02,2024-02-29 13:13:22,IP Address,179.167.35.145,100,979,True,2024-02-29 13:13:22,R_1dkH3CQPw2rWPvj,,,,,-23.695,-46.5616,anonymous,EN,,102,,7,125,102,81,965,89,Male,19
2024-02-29 13:12:47,2024-02-29 13:15:04,IP Address,144.64.78.225,100,137,True,2024-02-29 13:15:04,R_4RpCrG3ROSeVHDZ,,,,,39.9177,-8.6328,anonymous,EN,9,,,15,4565,700,455,3000,2450,Male,
2024-02-29 08:17:44,2024-02-29 13:31:29,IP Address,201.71.228.78,100,18825,True,2024-02-29 13:31:30,R_1wCv34pNFfXcdFL,,,,,-23.9549,-46.2238,anonymous,EN,,102,,7,340,86,64,315,98,Female,33
2024-02-29 13:31:06,2024-02-29 13:33:15,IP Address,177.51.232.36,100,128,True,2024-02-29 13:33:15,R_6Jw727fLgGJUbhO,,,,,-24.0028,-46.4893,anonymous,EN,,102,,11,200,150,100,500,250,Female,36
2024-02-29 13:31:56,2024-02-29 13:35:13,IP Address,187.75.20.80,100,196,True,2024-02-29 13:35:13,R_1lfYgxbNnkhfrbk,,,,,-20.7701,-49.3577,anonymous,EN,9,,,10,100,60,30,200,60,Female,23
2024-02-29 13:29:28,2024-02-29 13:35:57,IP Address,187.60.19.57,100,388,True,2024-02-29 13:35:57,R_55YG4fTQoQ8uzCt,,,,,-23.8535,-46.2708,anonymous,EN,9,,,10,300,96,50,500,250,Male,58
2024-02-29 13:42:24,2024-02-29 13:48:03,IP Address,120.22.99.194,100,338,True,2024-02-29 13:48:04,R_4N3r9RX4D4OjZkD,,,,,-27.4679,153.0325,anonymous,EN,,102,,10,150,132,89,250,180,Male,
2024-02-29 13:47:35,2024-02-29 13:52:50,IP Address,187.60.19.57,100,314,True,2024-02-29 13:52:50,R_6jBWiCasYwU5lge,,,,,-23.8535,-46.2708,anonymous,EN,,,,13,96,68,45,125,108,Male,45
2024-02-29 14:03:12,2024-02-29 14:05:52,IP Address,191.13.222.67,100,159,True,2024-02-29 14:05:52,R_6ilJZ4pTsYFH2KS,,,,,-20.7701,-49.3577,anonymous,EN,9,,,10,500,50,40,200,40,Female,24
2024-02-29 14:45:00,2024-02-29 14:46:46,IP Address,95.93.230.220,100,106,True,2024-02-29 14:46:47,R_5QEZ6wr7P3yZw8Y,,,,,40.2057,-8.4213,anonymous,EN,,,Lars Halden,11,103,75,60,1000,300,Female,45
2024-02-29 15:09:23,2024-02-29 15:11:37,IP Address,176.79.82.16,100,133,True,2024-02-29 15:11:38,R_31JdT6gXXKgH7y1,,,,,40.5569,-8.6766,anonymous,EN,9,,,10,300,100,80,1000,150,Male,38
2024-02-29 15:55:18,2024-02-29 15:56:35,IP Address,72.227.187.118,100,76,True,2024-02-29 15:56:36,R_7NKRsuRE5ze9iJC,,,,,40.7652,-73.9588,anonymous,EN,,,Lars Halden,10,115,90,100,300,800,Female,49
2024-02-29 16:11:28,2024-02-29 16:18:14,IP Address,95.93.237.253,100,405,True,2024-02-29 16:18:15,R_4qgZFZfmSnP82Qo,,,,,40.2057,-8.4213,anonymous,EN,,,Lars Halden,11,210,200,190,250,350,Male,51
2024-02-29 16:15:52,2024-02-29 16:20:02,IP Address,189.4.156.28,100,249,True,2024-02-29 16:20:02,R_5E5aOmboggBgUx5,,,,,-24.0182,-46.3512,anonymous,EN,,,Lars Halden,11,180,320,93,530,145,Female,34
2024-02-29 16:32:34,2024-02-29 16:34:59,IP Address,86.141.47.246,100,145,True,2024-02-29 16:34:59,R_1Gx1nvRLDWWQT3l,,,,,53.5635,-2.2239,anonymous,EN,,,Lars Halden,13,200,200,100,100,200,Male,35
2024-02-29 16:40:20,2024-02-29 16:46:31,IP Address,188.80.21.92,100,371,True,2024-02-29 16:46:32,R_6wzWrTV51C0AwDa,,,,,40.2057,-8.4213,anonymous,EN,,,Lars Halden,12,320,180,90,210,480,Male,36
2024-02-29 11:17:33,2024-02-29 16:52:46,IP Address,187.21.174.215,100,20112,True,2024-02-29 16:52:46,R_3HXlndgSD2iLzwm,,,,,-23.8535,-46.2708,anonymous,EN,9,,,10,97,84,57,329,118,Male,50
2024-02-29 17:18:06,2024-02-29 17:27:11,IP Address,148.69.49.104,100,544,True,2024-02-29 17:27:11,R_3X4KInb3bhE5pjb,,,,,38.7373,-9.1945,anonymous,EN,,,Lars Halden,5,378,450,204,489,600,Female,
2024-02-29 17:30:26,2024-02-29 17:31:58,IP Address,189.96.230.218,100,91,True,2024-02-29 17:31:58,R_1Eh7WHFa0WwFA9a,,,,,-23.6283,-46.6409,anonymous,EN,37,,,11,58,70,50,200,60,Female,37
2024-03-01 02:10:07,2024-03-01 02:13:23,IP Address,66.38.95.243,100,195,True,2024-03-01 02:13:23,R_6djjXj8x01xbusF,,,,,37.8594,-86.0019,anonymous,EN,9,,,10,200,100,40,190,70,Female,22
2024-02-29 10:17:37,2024-03-01 02:53:03,IP Address,187.181.204.234,100,59726,True,2024-03-01 02:53:03,R_7iDaB3suB7yv23e,,,,,-20.8188,-49.3711,anonymous,EN,9,,,9,250,100,90,500,70,Female,51
2024-03-01 02:58:36,2024-03-01 02:59:36,IP Address,187.181.204.234,100,59,True,2024-03-01 02:59:36,R_6wRWvn1hVUIkD4T,,,,,-20.8188,-49.3711,anonymous,EN,,102,,9,200,100,90,500,75,Male,16
2024-03-01 02:58:07,2024-03-01 03:00:58,IP Address,187.181.204.234,100,170,True,2024-03-01 03:00:59,R_1MVXlndHGUdZC4i,,,,,-20.8188,-49.3711,anonymous,EN,,102,,10,350,400,150,500,125,Male,16
2024-03-01 03:22:38,2024-03-01 03:28:41,IP Address,188.250.141.239,100,362,True,2024-03-01 03:28:42,R_88CfooygScD8flF,,,,,40.4439,-8.43,anonymous,EN,,,Lars Halden,10,250,120,75,200,240,Female,36
2024-03-01 08:36:43,2024-03-01 08:40:19,IP Address,187.60.19.57,100,216,True,2024-03-01 08:40:20,R_3onnxuKpemsDDOz,,,,,-23.8535,-46.2708,anonymous,EN,,,Lars Halden,3,100,90,60,180,70,Male,37
2024-03-01 11:31:49,2024-03-01 11:38:56,IP Address,177.11.210.150,100,427,True,2024-03-01 11:38:57,R_1Kr0GH77bU5uEhj,,,,,-23.8535,-46.2708,anonymous,EN,,,Lars Halden,2,100,150,120,400,250,Male,42
2024-03-01 12:49:04,2024-03-01 12:52:55,IP Address,42.2.71.129,100,230,True,2024-03-01 12:52:55,R_45H1UOypvrAkbhP,,,,,22.2908,114.1501,anonymous,EN,,,Lars Halden,13,200,150,120,500,250,Non-binary / third gender,35
2024-03-01 14:41:06,2024-03-01 14:45:38,IP Address,186.222.199.176,100,272,True,2024-03-01 14:45:39,R_3WV43T8U5W9B2RX,,,,,-20.8188,-49.3711,anonymous,EN,,102,,10,50,90,55,220,80,Female,16
2024-03-01 14:40:58,2024-03-01 14:50:24,IP Address,186.222.199.176,100,565,True,2024-03-01 14:50:24,R_3KEtzYKw0rPXeX7,,,,,-20.8188,-49.3711,anonymous,EN,,102,,12,150,208,92,2400,100,Female,67
2024-03-01 14:50:33,2024-03-01 15:00:47,IP Address,186.222.199.176,100,614,True,2024-03-01 15:00:48,R_5JxXoGHsabr7eYF,,,,,-20.8188,-49.3711,anonymous,EN,,102,,12,328,350,130,450,120,Male,20
